{
        "appId": "com.technocorner.app",
        "appName": "TechnoCorner",
        "webDir": "public",
        "server": {
                "androidScheme": "https"
        },
        "plugins": {
                "SplashScreen": {
                        "launchShowDuration": 2000,
                        "backgroundColor": "#667eea",
                        "androidSplashResourceName": "splash",
                        "androidScaleType": "CENTER_CROP",
                        "showSpinner": true,
                        "androidSpinnerStyle": "large",
                        "iosSpinnerStyle": "small",
                        "spinnerColor": "#ffffff"
                },
                "StatusBar": {
                        "style": "dark"
                }
        },
        "packageClassList": [
                "SplashScreenPlugin",
                "StatusBarPlugin"
        ]
}
